user_id,full_name,email,signup_date,phone_number
1,Chris Lester,david33@example.com,2025-09-20,0917201224554
2,Breanna Robinson,glong@example.com,2024-08-05,3089619521828
3,Jeremy Price,charlesellis@example.net,2024-05-17,2786759809523
4,Savannah Rodriguez,robertmoore@example.com,2025-08-11,8314715421950
5,Brittany Shannon,melissa86@example.com,2024-08-20,7433800289702
6,Christy Wells,joshuaparker@example.com,2025-09-23,7270422800747
7,Brian Mcdaniel,stewartryan@example.net,2025-09-13,7736437928210
8,Anna Estrada,zgonzales@example.org,2024-07-07,3125604968013
9,Jennifer Martin,torrespeter@example.net,2024-12-11,8293826173581
10,Gabriella Hunter,katherine77@example.org,2024-04-18,6896797931462
11,Patrick Orr,haysalex@example.org,2024-10-15,0192599418084
12,Samuel Simmons,andersonsteven@example.net,2025-05-30,6417868371831
13,Bob Hughes,davidrussell@example.net,2025-05-24,7765536421837
14,John Myers,pughcathy@example.com,2025-02-07,0478066613376
15,Debra James,perkinsamy@example.net,2024-01-05,5917036960242
16,Katherine Lowe,jonathanmiller@example.net,2024-09-30,0083706942059
17,Jasmine Murray,reidamy@example.org,2024-03-12,3567531993148
18,Joann Gonzales,megan53@example.com,2024-07-27,5407226306177
19,Kimberly Lynn,stephen13@example.net,2024-05-20,1375995810328
20,Matthew Schaefer,smiththomas@example.net,2024-04-18,5348654389370
21,Jessica Cooley,browngabriel@example.org,2025-02-17,9540377424507
22,Jo Moreno,anthonystein@example.com,2025-01-29,6157824480474
23,Debra Nash,jonathan59@example.org,2025-02-05,8680807438189
24,Rebecca Stewart MD,arthurjohnson@example.com,2024-08-06,2575514830877
25,Elizabeth Butler,christian43@example.org,2024-02-18,1828978726751
26,Patricia Sullivan,ccastaneda@example.net,2024-09-04,4781136572879
27,John Gomez,ylang@example.org,2024-06-10,0396357860016
28,Zachary Nunez,crowe@example.org,2024-07-05,8822825761489
29,James Nelson,lori46@example.org,2024-05-01,4897522116157
30,Spencer Obrien,edavis@example.org,2024-06-27,6693887957685
31,Jeffrey Johnson,charleslynch@example.net,2024-06-02,6087795104711
32,Christopher Casey,fitzgeraldduane@example.com,2025-06-01,9012359085390
33,Reginald Tyler,vincent63@example.net,2024-05-05,3477378990866
34,Adrian Williams,patrickzuniga@example.org,2025-10-23,9378167409950
35,Rachel Camacho,gleon@example.net,2025-01-31,7193798179420
36,Cheyenne Garcia,gestes@example.org,2024-08-21,1913299694758
37,Sean French,albert77@example.org,2025-03-31,9902774190386
38,Shannon Hood,brandonodom@example.com,2024-02-19,7133136629694
39,Janet Ball,davidnelson@example.net,2025-03-27,0822263870884
40,Helen Nelson,krausecharles@example.org,2025-01-15,0161005331186
41,Gregory Parker,sara30@example.net,2025-04-07,5804409435166
42,Ryan Kim,darrellyoung@example.org,2024-09-17,7079348264148
43,Ryan Ward III,mcmahontroy@example.net,2025-09-22,1964266505289
44,Jennifer Wood,nelsonjuan@example.org,2025-05-07,2080978337625
45,Raymond Rios,shannon52@example.net,2024-07-06,7435403741312
46,Daisy Davis,iduncan@example.org,2025-01-21,3154411620752
47,Bridget Meyers,thernandez@example.com,2025-04-17,5652113523312
48,Charles Snow,vasquezmary@example.com,2025-05-22,0815598424923
49,Andrea Delgado,mccarthychristina@example.org,2024-06-14,2990613243290
50,Gilbert Gibbs,deborahcooper@example.net,2024-11-09,9507950624367
51,Robert Hughes,jeremy17@example.com,2024-07-28,1664665493782
52,Leonard Torres,mwells@example.com,2025-10-10,2605913805066
53,Miranda Garcia,charlesknox@example.org,2024-07-27,5185608271045
54,Joseph Mullins,bennettsandra@example.org,2025-08-03,4527865946835
55,Brandon Meyer,kflynn@example.net,2025-07-30,5743563702676
56,Melvin Mcpherson,michellemorton@example.org,2024-01-25,9536616606668
57,Anthony Collier,elewis@example.org,2024-10-22,6669526564027
58,Julia Lucas,kruegervicki@example.net,2024-02-03,2108001768190
59,Stephen Brown,woodsfrederick@example.org,2025-04-25,5864215321635
60,David Tate,usmith@example.net,2025-01-17,0612971986234
61,Heather Knight,whitejessica@example.org,2025-03-07,3760432276663
62,Matthew Mcdaniel,lucaskevin@example.net,2025-03-18,2901428805116
63,Connie Conley,yanderson@example.org,2025-03-23,9344347812612
64,Robert Marshall,daniel93@example.com,2025-09-16,4438511085436
65,Martin Fischer,vcoleman@example.org,2025-06-18,3961589752033
66,Steven Mcneil,zgiles@example.com,2024-06-15,3757718110376
67,Adam Murphy,brittanyfowler@example.org,2024-07-26,7988850293272
68,William Burnett,millerbrendan@example.org,2024-04-04,4969852580394
69,Jennifer Riley,annakelley@example.org,2025-03-13,1233014423523
70,Laura Walker,renee89@example.net,2023-12-07,2811914924969
71,Elizabeth Baker,bishopevan@example.net,2024-11-11,7542151524963
72,Rachel Gibson,joshua27@example.com,2025-02-05,0431112751744
73,Linda Hansen,xmcintosh@example.net,2024-11-25,3641432876934
74,Alan Osborn,cheryl45@example.com,2024-05-12,8649582178676
75,Brenda Davis,owensedward@example.org,2025-05-21,2057830648044
76,Anthony Thomas,jennifer80@example.org,2024-12-27,6542693346276
77,Brett Oconnor,yherrera@example.org,2024-07-25,5339186558013
78,Paul Bright,nsimmons@example.net,2024-03-30,4618957732396
79,Jeremy Brown,gmonroe@example.net,2025-07-07,8795064480315
80,James Marshall,keithlawrence@example.net,2024-06-20,4756558741307
81,Deanna Ramos,robertbaker@example.net,2024-06-30,5515245019009
82,Alexis Mendoza,moralesbrian@example.com,2023-12-17,2582444847573
83,Holly Smith,norrismichael@example.com,2024-08-01,5604612658468
84,Kathryn Ramirez,henrytom@example.org,2024-12-06,4997478413592
85,Ronald Molina,rodney03@example.org,2024-08-09,0503210203287
86,Nancy Banks,danielle59@example.net,2023-12-24,6117907682881
87,Gerald Medina,jayjohnson@example.net,2024-01-05,3347350892675
88,David Crawford,smithrebecca@example.org,2023-11-29,8910046948627
89,Tyler Holmes,chris92@example.com,2024-08-25,0677569936229
90,John Pittman,christinajones@example.org,2024-04-21,5797663673120
91,Sandra Fernandez,garciabrett@example.org,2025-06-02,3212032337800
92,Brenda Mejia,sean40@example.org,2025-03-11,6888515094509
93,Megan Kane,bakervictoria@example.com,2025-06-28,5617205679948
94,Sheila Gregory,tmyers@example.com,2024-03-23,7412484668443
95,Nicholas Hurley,ybrewer@example.com,2025-09-28,7566109525122
96,Michael Cruz,dustinlong@example.net,2024-02-08,3616989752263
97,Vanessa Ward,ehall@example.net,2025-10-02,1088035082444
98,Daniel Johnson,robinsonerin@example.org,2024-02-03,3432799397209
99,Thomas Wu,rwilliamson@example.org,2025-08-22,9758196148696
100,Anna Santos,riveratravis@example.org,2025-01-02,3843923348897
101,Jeffrey Brown,shahashley@example.com,2024-08-13,0266799901394
102,Raymond Pope,davidsonamy@example.com,2025-02-07,7231251646980
103,Hunter Johnson,taylorfreeman@example.org,2025-02-12,4695852808275
104,Laura Winters,jacob12@example.com,2024-09-20,3414669444167
105,Dominic Smith,shannon46@example.net,2023-12-11,4343333846149
106,Michael Mann,mark99@example.com,2025-09-02,0725190730379
107,Marc Vargas,carolyngonzalez@example.org,2024-07-02,5478655283581
108,Jimmy Schaefer,destinythomas@example.com,2024-01-04,6339647339807
109,Eric Lara,qbuckley@example.com,2024-05-17,7394370253632
110,Jessica Coleman,riverajeremy@example.net,2024-01-18,8565037469497
111,Sandra Everett,davidsonjonathan@example.com,2024-04-01,2012239824994
112,Joseph Ramirez,jschultz@example.com,2025-04-14,6866358178130
113,Patrick Floyd,barbarapierce@example.net,2025-07-01,5422698342653
114,Bryan Fitzpatrick,scottjohnson@example.org,2024-11-09,9226690502149
115,Anna Morgan,johncooper@example.org,2024-06-25,1741831907291
116,Andrew Hughes,andersonmark@example.net,2025-10-25,1803091667641
117,Jacob Davis,matthewrodriguez@example.net,2025-07-30,2100844806617
118,Carly James,jacobhuerta@example.org,2025-05-06,6313680670323
119,Julia Collins,catherine41@example.org,2025-05-29,7547655211758
120,Brent Hernandez,sandovalamy@example.com,2024-05-25,0712917048743
121,Todd Watkins,lisa40@example.com,2025-04-07,5092241728651
122,David Spencer,christophercooper@example.org,2024-09-05,1157996869622
123,Glenn Rodriguez,macdonaldjames@example.com,2024-01-20,0648995872628
124,Jeanne Keith,conniehowell@example.net,2025-01-27,0902891844050
125,Samantha Wise,crystalcarter@example.net,2025-03-14,9162128475824
126,Tina Crawford,simmonsgina@example.org,2025-09-26,7779728021762
127,Katherine Lawson,wking@example.org,2024-05-22,9584784585273
128,Gary Flores,cruzstephanie@example.com,2024-03-19,0560166360895
129,David Lambert,william25@example.net,2024-05-30,4553944479333
130,Mason Hardy,wsimmons@example.com,2025-02-07,3316584264048
131,Virginia Sanchez,jordanrussell@example.com,2024-03-18,9347430820167
132,John Hurst,jesus75@example.com,2024-12-23,6415208579924
133,Ebony Peterson,cynthialopez@example.net,2025-11-11,3711272938183
134,William Washington,amber29@example.com,2025-01-12,2116669183833
135,Daniel Gould,hmiller@example.com,2023-11-26,6123442307289
136,Thomas Wolf,patrick90@example.net,2025-09-19,8007745384332
137,James George,xbaker@example.com,2025-09-25,2751686060340
138,Cody Mathews,jonathonschultz@example.net,2024-05-20,8040375607296
139,Nicole Stewart,millertracy@example.net,2025-10-09,6068302040287
140,Stephanie Reilly,stephaniepeterson@example.net,2025-03-14,6153378213486
141,William Martin,larrytucker@example.com,2025-09-24,6278948661471
142,Nancy Ball,christina14@example.com,2024-03-17,2870613531553
143,Brandon Grimes,albertlopez@example.org,2024-07-14,5219052234852
144,Kristin Webb,brittanymartinez@example.net,2025-04-07,7007559735514
145,Ronald Jordan,anitahester@example.org,2025-07-10,9091644656039
146,Jonathan Williamson,nfrost@example.com,2025-09-10,9179584667626
147,Dr. Stephanie Wolfe DVM,miranda77@example.net,2025-10-13,5354552121247
148,Todd Freeman,megan07@example.net,2024-06-05,7453613506178
149,Kathleen Alexander,ovasquez@example.org,2025-07-13,0356320809473
150,Angela Martinez,smithangela@example.net,2025-06-13,2748747123125
151,Cody Ball,lday@example.net,2025-07-09,7204894683706
152,Caitlin Rodriguez,anthony77@example.org,2024-09-03,3558121813545
153,Lisa White,cvance@example.com,2025-10-21,0087343333231
154,April Weber,clee@example.net,2024-12-02,8308613642597
155,Michelle Lewis,stephen45@example.org,2025-10-20,9847932298409
156,Raymond Joyce,ofarrell@example.net,2025-07-27,5439068214428
157,Christopher Martin,norman90@example.com,2025-08-12,7967387096734
158,Corey Allen,randy48@example.com,2024-07-31,8079971400111
159,Raymond Hodges,robert34@example.com,2025-07-14,6098835514028
160,Jonathon Golden,benjamin23@example.com,2025-10-26,6875494037831
161,Rachel Smith,jamiereed@example.net,2025-11-07,1082808678774
162,Sierra Lopez,marklindsey@example.net,2025-08-31,8806894495107
163,Rachel Garcia,jillmercado@example.com,2025-10-14,4883142607146
164,Troy Johnson,schwartzshawn@example.com,2024-03-24,5960472569996
165,Carrie Hall,autumn09@example.net,2024-07-11,2569327814379
166,Jesse Collins,adamsjohn@example.net,2025-04-22,0144274322381
167,Tammy Smith,jflores@example.org,2025-07-09,1360028715473
168,Cheryl Davis,aguilarchristine@example.net,2024-01-08,2857098203947
169,Melissa Moore,bwilliamson@example.net,2025-03-31,3368853838094
170,Candice Williams MD,davisraven@example.net,2024-02-18,9791818526835
171,Maria Malone,wphelps@example.net,2025-08-20,9951574746673
172,Antonio Mccarty,murrayamy@example.com,2025-11-10,3100897706759
173,David Martinez,sarah93@example.org,2025-07-19,3033015469566
174,Brandon Meza,adkinsjennifer@example.org,2025-08-23,7461632991381
175,Louis Jones,mario11@example.org,2025-09-19,9794125103560
176,Dr. Corey Alvarez,brownnicole@example.com,2024-06-12,1228612303079
177,Nathan Moyer,marissahamilton@example.net,2024-10-06,2280772418789
178,Tracy Davies,shannonstanton@example.com,2025-01-23,3070268958091
179,Michael Jones,ashley48@example.net,2024-06-25,6491101977637
180,Anita White,harrellcaitlin@example.org,2024-10-26,9679046971948
